City_ID,City,Country,Date,Lat,Lng,Max Temp,Humidity,Cloudiness,Wind Speed
0,Bethel,US,2021-07-25 16:44:16,41.3712,-73.414,76.5,86,90,1.01
1,Kruisfontein,ZA,2021-07-25 16:42:35,-34.0033,24.7314,55.89,48,51,1.14
2,Sao Miguel Do Araguaia,BR,2021-07-25 16:47:35,-13.275,-50.1628,91.53,22,2,6.82
3,Punta Arenas,CL,2021-07-25 16:47:35,-53.15,-70.9167,39.31,81,20,14.97
4,Mount Isa,AU,2021-07-25 16:46:42,-20.7333,139.5,51.57,37,4,1.14
5,Kapaa,US,2021-07-25 16:47:36,22.0752,-159.319,79.12,84,90,1.01
6,Nome,US,2021-07-25 16:45:54,64.5011,-165.4064,48.27,87,90,9.22
7,Semey,KZ,2021-07-25 16:47:36,50.4111,80.2275,80.82,34,0,8.95
8,Berlevag,NO,2021-07-25 16:47:36,70.8578,29.0864,48.2,82,100,19.44
9,Tasiilaq,GL,2021-07-25 16:47:37,65.6145,-37.6368,46.56,87,67,2.66
10,Rikitea,PF,2021-07-25 16:47:37,-23.1203,-134.9692,70.07,65,97,3.67
11,Senador Jose Porfirio,BR,2021-07-25 16:47:37,-2.5908,-51.9542,90.0,40,86,2.15
12,Mataura,NZ,2021-07-25 16:47:37,-46.1927,168.8643,48.47,89,100,5.01
13,Castro,BR,2021-07-25 16:47:38,-24.7911,-50.0119,70.18,40,2,9.26
14,Great Falls,US,2021-07-25 16:43:08,47.5002,-111.3008,85.93,22,1,9.22
15,Thompson,CA,2021-07-25 16:47:38,55.7435,-97.8558,57.36,54,40,11.5
16,Novoorsk,RU,2021-07-25 16:47:38,51.381,58.9813,72.25,53,55,8.39
17,Pevek,RU,2021-07-25 16:46:05,69.7008,170.3133,34.74,91,100,9.82
18,Saravan,AM,2021-07-25 16:47:39,39.7196,45.6483,75.85,67,14,8.86
19,Elizabeth City,US,2021-07-25 16:43:26,36.2946,-76.2511,87.03,63,1,7.0
20,Port Alfred,ZA,2021-07-25 16:45:25,-33.5906,26.891,61.45,51,25,11.18
21,Jamame,SO,2021-07-25 16:47:39,0.0722,42.7506,74.48,75,29,15.5
22,Ouadda,CF,2021-07-25 16:47:39,8.0777,22.4007,70.66,94,53,3.98
23,Katsuura,JP,2021-07-25 16:47:40,35.1333,140.3,81.1,86,8,11.07
24,Busselton,AU,2021-07-25 16:47:40,-33.65,115.3333,58.08,66,37,18.66
25,Vaini,TO,2021-07-25 16:47:40,-21.2,-175.2,68.16,94,20,2.3
26,Ribeira Grande,PT,2021-07-25 16:47:41,38.5167,-28.7,75.6,73,40,8.05
27,Arraial Do Cabo,BR,2021-07-25 16:47:41,-22.9661,-42.0278,78.76,65,0,24.16
28,Ushuaia,AR,2021-07-25 16:45:07,-54.8,-68.3,38.86,70,20,25.32
29,Vila Franca Do Campo,PT,2021-07-25 16:43:27,37.7167,-25.4333,75.61,69,48,8.16
30,Batagay,RU,2021-07-25 16:47:41,67.6333,134.6333,52.2,77,34,2.51
31,Abha,SA,2021-07-25 16:46:46,18.2164,42.5053,69.62,83,40,4.61
32,El Tigre,VE,2021-07-25 16:47:42,8.8875,-64.2454,73.26,92,100,3.0
33,San Patricio,US,2021-07-25 16:46:40,28.017,-97.5169,91.49,47,5,9.22
34,Yellowknife,CA,2021-07-25 16:42:51,62.456,-114.3525,62.33,54,20,1.99
35,Lompoc,US,2021-07-25 16:47:42,34.6391,-120.4579,72.1,84,90,0.0
36,Saint George,US,2021-07-25 16:47:42,37.1041,-113.5841,87.64,49,11,1.01
37,Kodiak,US,2021-07-25 16:45:47,57.79,-152.4072,51.31,87,90,3.44
38,Tuatapere,NZ,2021-07-25 16:43:27,-46.1333,167.6833,48.81,89,100,4.92
39,Okhotsk,RU,2021-07-25 16:47:43,59.3833,143.3,55.63,98,100,6.4
40,Houma,US,2021-07-25 16:43:19,29.5958,-90.7195,93.2,74,40,3.44
41,Wanning,CN,2021-07-25 16:42:50,18.8003,110.3967,80.15,89,83,10.74
42,Laguna,US,2021-07-25 16:47:43,38.421,-121.4238,95.65,63,1,8.05
43,Baie-Comeau,CA,2021-07-25 16:47:44,49.2168,-68.1489,77.0,88,1,17.27
44,Krasnoturinsk,RU,2021-07-25 16:47:44,59.7666,60.2086,51.26,70,82,5.12
45,Cabadiangan,PH,2021-07-25 16:47:44,9.7531,122.4739,78.94,89,5,6.22
46,Kavieng,PG,2021-07-25 16:47:45,-2.5744,150.7967,81.03,76,60,2.55
47,San Martin,AR,2021-07-25 16:47:45,-33.081,-68.4681,55.94,30,0,3.29
48,Azle,US,2021-07-25 16:47:45,32.8951,-97.5459,94.89,57,20,1.99
49,Puerto Ayora,EC,2021-07-25 16:47:45,-0.7393,-90.3518,78.76,83,38,10.0
50,Albany,US,2021-07-25 16:43:20,42.6001,-73.9662,75.87,81,96,5.77
51,Bredasdorp,ZA,2021-07-25 16:47:46,-34.5322,20.0403,56.28,76,100,3.44
52,Cordoba,AR,2021-07-25 16:45:26,-31.4135,-64.1811,65.43,50,0,1.99
53,Bluff,NZ,2021-07-25 16:47:46,-46.6,168.3333,48.79,83,100,5.44
54,Narsaq,GL,2021-07-25 16:47:46,60.9167,-46.05,57.42,46,100,5.1
55,Plover,US,2021-07-25 16:47:47,44.4564,-89.544,83.25,52,1,1.99
56,Mehamn,NO,2021-07-25 16:47:47,71.0357,27.8492,48.38,76,40,17.27
57,Nanortalik,GL,2021-07-25 16:47:47,60.1432,-45.2371,45.27,74,100,13.38
58,Svetlogorsk,BY,2021-07-25 16:47:48,52.6333,29.7333,71.76,65,63,2.98
59,La Asuncion,VE,2021-07-25 16:47:48,11.0333,-63.8628,83.19,71,95,11.81
60,Mao,ES,2021-07-25 16:43:16,39.8885,4.2658,79.36,65,0,14.97
61,Maragogi,BR,2021-07-25 16:47:48,-9.0122,-35.2225,77.2,79,34,13.22
62,Codrington,AU,2021-07-25 16:44:22,-38.2667,141.9667,49.44,93,97,14.72
63,New Norfolk,AU,2021-07-25 16:45:15,-42.7826,147.0587,42.3,71,74,3.0
64,White Rock,CA,2021-07-25 16:47:25,49.0164,-122.8026,75.76,71,0,4.0
65,Nikolskoye,RU,2021-07-25 16:42:52,59.7035,30.7861,71.49,54,59,3.49
66,Ixtapa,MX,2021-07-25 16:43:31,20.7,-105.2,88.23,62,1,2.3
67,Pangnirtung,CA,2021-07-25 16:42:51,66.1451,-65.7125,55.4,82,90,13.8
68,Avarua,CK,2021-07-25 16:47:49,-21.2078,-159.775,73.45,94,90,11.5
69,Bay Roberts,CA,2021-07-25 16:47:49,47.5999,-53.2648,63.05,84,98,4.0
70,Kalmunai,LK,2021-07-25 16:47:49,7.4167,81.8167,83.05,71,100,5.99
71,Kampot,KH,2021-07-25 16:47:50,10.6167,104.1833,78.85,87,84,7.7
72,Bambous Virieux,MU,2021-07-25 16:47:50,-20.3428,57.7575,71.85,56,40,11.5
73,Ales,FR,2021-07-25 16:47:50,44.1333,4.0833,92.77,33,92,7.4
74,La Union,PE,2021-07-25 16:47:51,-5.4,-80.75,79.41,52,15,5.75
75,Carnarvon,AU,2021-07-25 16:47:51,-24.8667,113.6333,59.07,69,0,9.22
76,Longhua,CN,2021-07-25 16:47:51,23.6137,114.1919,82.67,81,92,1.52
77,Saskylakh,RU,2021-07-25 16:47:51,71.9167,114.0833,53.78,80,48,7.02
78,Gazli,UZ,2021-07-25 16:47:52,40.1333,63.45,101.32,11,0,15.75
79,Victoria,HK,2021-07-25 16:46:46,22.2855,114.1577,86.38,82,6,1.99
80,Samarai,PG,2021-07-25 16:47:52,-10.6167,150.6667,78.8,80,100,18.84
81,Kohima,IN,2021-07-25 16:47:52,25.6667,94.1167,67.12,97,100,2.86
82,Zhaotong,CN,2021-07-25 16:47:53,27.3167,103.7167,60.58,91,6,2.08
83,Severo-Kurilsk,RU,2021-07-25 16:45:18,50.6789,156.125,53.44,98,83,3.22
84,Adrar,MR,2021-07-25 16:47:53,20.5022,-10.0711,111.42,7,32,8.08
85,Akureyri,IS,2021-07-25 16:47:53,65.6835,-18.0878,57.13,58,75,12.66
86,Clyde River,CA,2021-07-25 16:45:09,70.4692,-68.5914,35.83,100,90,11.5
87,Pastavy,BY,2021-07-25 16:47:54,55.1168,26.8326,72.79,57,15,4.18
88,Padang,ID,2021-07-25 16:47:54,-0.9492,100.3543,77.05,85,24,3.18
89,Peleduy,RU,2021-07-25 16:47:54,59.6289,112.7406,61.14,65,34,3.78
90,Bairnsdale,AU,2021-07-25 16:47:55,-37.8333,147.6167,54.7,69,58,1.99
91,Markova,UA,2021-07-25 16:47:55,48.6758,24.4138,74.79,79,63,3.98
92,Sokolo,ML,2021-07-25 16:47:55,14.7328,-6.1219,95.16,38,36,4.74
93,Ostrovnoy,RU,2021-07-25 16:47:55,68.0531,39.5131,46.49,84,94,17.72
94,Batticaloa,LK,2021-07-25 16:47:56,7.7102,81.6924,84.02,67,100,6.51
95,Hilo,US,2021-07-25 16:47:29,19.7297,-155.09,75.79,93,90,6.91
96,Tiznit,MA,2021-07-25 16:47:56,29.5833,-9.5,88.57,31,0,8.84
97,Geraldton,AU,2021-07-25 16:43:12,-28.7667,114.6,48.61,93,0,11.5
98,Atuona,PF,2021-07-25 16:47:45,-9.8,-139.0333,77.2,72,45,23.53
99,Vega De Alatorre,MX,2021-07-25 16:47:56,20.0333,-96.6333,84.7,66,6,4.68
100,Kananga,CD,2021-07-25 16:47:57,-5.8958,22.4178,80.29,27,62,4.43
101,Sao Filipe,CV,2021-07-25 16:47:57,14.8961,-24.4956,74.35,73,58,7.4
102,Porkhov,RU,2021-07-25 16:47:57,57.765,29.5561,76.89,58,40,1.97
103,Urzhum,RU,2021-07-25 16:47:58,57.1141,49.9996,59.16,54,76,3.44
104,Lerwick,GB,2021-07-25 16:47:58,60.1545,-1.1494,60.8,79,23,8.46
105,Calama,CL,2021-07-25 16:43:02,-22.4667,-68.9333,64.89,10,75,5.75
106,Barrow,US,2021-07-25 16:47:58,71.2906,-156.7887,41.02,93,90,9.22
107,Vallenar,CL,2021-07-25 16:47:58,-28.5708,-70.7581,66.67,30,0,4.99
108,Urucara,BR,2021-07-25 16:47:59,-2.5364,-57.76,94.93,33,52,5.57
109,Hermanus,ZA,2021-07-25 16:47:59,-34.4187,19.2345,56.8,56,100,6.26
110,Hithadhoo,MV,2021-07-25 16:47:59,-0.6,73.0833,80.82,76,84,3.2
111,Scituate,US,2021-07-25 16:48:00,42.1959,-70.7259,71.22,89,75,1.99
112,Yankton,US,2021-07-25 16:48:00,42.8711,-97.3973,86.11,61,1,6.91
113,Ghanzi,BW,2021-07-25 16:48:00,-21.5667,21.7833,55.33,45,0,9.24
114,Mahebourg,MU,2021-07-25 16:48:01,-20.4081,57.7,71.89,56,40,11.5
115,Iranshahr,IR,2021-07-25 16:48:01,27.2025,60.6848,106.14,18,0,9.22
116,Iqaluit,CA,2021-07-25 16:43:08,63.7506,-68.5145,44.33,93,75,5.01
117,Tuktoyaktuk,CA,2021-07-25 16:48:02,69.4541,-133.0374,51.8,100,90,21.85
118,Hong Gai,VN,2021-07-25 16:48:02,20.956,107.0946,82.31,88,56,1.79
119,Faanui,PF,2021-07-25 16:48:02,-16.4833,-151.75,77.76,66,3,13.47
120,Huarmey,PE,2021-07-25 16:48:03,-10.0681,-78.1522,67.59,75,19,7.99
121,Winnemucca,US,2021-07-25 16:48:03,40.973,-117.7357,80.65,17,1,8.05
122,Butaritari,KI,2021-07-25 16:48:03,3.0707,172.7902,81.72,77,12,10.54
123,Georgetown,MY,2021-07-25 16:44:12,5.4112,100.3354,85.95,77,20,2.3
124,Sitka,US,2021-07-25 16:46:01,57.0531,-135.33,55.29,82,90,0.0
125,Tambopata,PE,2021-07-25 16:48:04,-12.7333,-69.1833,85.89,62,0,3.44
126,Puerto Escondido,MX,2021-07-25 16:43:28,15.85,-97.0667,87.62,60,57,6.13
127,Karasjok,NO,2021-07-25 16:46:26,69.4719,25.5112,50.11,80,100,7.87
128,Buraydah,SA,2021-07-25 16:48:04,26.326,43.975,109.85,11,75,11.25
129,East London,ZA,2021-07-25 16:48:04,-33.0153,27.9116,61.74,67,0,6.91
130,Mount Gambier,AU,2021-07-25 16:43:33,-37.8333,140.7667,48.11,100,90,9.22
131,Belawan,ID,2021-07-25 16:48:05,3.7755,98.6832,82.69,91,84,4.88
132,Jamestown,US,2021-07-25 16:48:05,42.097,-79.2353,81.72,64,40,5.99
133,Kaitangata,NZ,2021-07-25 16:46:20,-46.2817,169.8464,46.92,65,100,4.9
134,Saint-Philippe,RE,2021-07-25 16:45:06,-21.3585,55.7679,69.39,76,37,11.48
135,Qaanaaq,GL,2021-07-25 16:48:02,77.484,-69.3632,39.7,71,87,5.55
136,Khatanga,RU,2021-07-25 16:48:05,71.9667,102.5,54.21,74,53,7.49
137,Sibolga,ID,2021-07-25 16:48:06,1.7427,98.7792,77.72,82,93,2.91
138,Bengkulu,ID,2021-07-25 16:43:31,-3.8004,102.2655,76.19,90,2,4.79
139,Ust-Omchug,RU,2021-07-25 16:48:06,61.15,149.6333,52.95,96,100,6.49
140,Bonthe,SL,2021-07-25 16:48:06,7.5264,-12.505,79.14,76,89,10.22
141,Cape Town,ZA,2021-07-25 16:43:25,-33.9258,18.4232,64.27,42,0,5.75
142,Ejea De Los Caballeros,ES,2021-07-25 16:48:07,42.1263,-1.1372,86.18,30,75,14.14
143,Japura,ID,2021-07-25 16:48:07,-0.3167,102.35,77.56,82,81,3.71
144,Timbo,BR,2021-07-25 16:48:08,-26.8233,-49.2717,81.41,30,16,0.74
145,Ormara,PK,2021-07-25 16:48:08,25.2088,64.6357,82.22,85,92,15.48
146,Chokurdakh,RU,2021-07-25 16:48:08,70.6333,147.9167,33.48,85,1,9.48
147,Grindavik,IS,2021-07-25 16:48:08,63.8424,-22.4338,53.55,93,75,32.21
148,Toamasina,MG,2021-07-25 16:48:09,-18.1667,49.3833,66.2,94,75,16.11
149,Ilulissat,GL,2021-07-25 16:48:09,69.2167,-51.1,53.62,40,40,12.66
150,Kuytun,RU,2021-07-25 16:44:20,54.3419,101.5036,61.92,65,46,2.04
151,Kiruna,SE,2021-07-25 16:48:09,67.8557,20.2251,63.52,72,40,5.75
152,Touros,BR,2021-07-25 16:48:07,-5.1989,-35.4608,85.1,57,16,18.9
153,Hobyo,SO,2021-07-25 16:48:10,5.3505,48.5268,77.34,73,84,25.17
154,Hobart,AU,2021-07-25 16:45:24,-42.8794,147.3294,42.66,76,70,3.0
155,San Ramon De La Nueva Oran,AR,2021-07-25 16:48:10,-23.1322,-64.326,83.43,29,89,3.96
156,Yumen,CN,2021-07-25 16:48:10,40.2833,97.2,81.52,24,98,10.42
157,Asyut,EG,2021-07-25 16:46:41,27.181,31.1837,96.98,20,0,8.28
158,Leningradskiy,RU,2021-07-25 16:45:21,69.3833,178.4167,37.24,91,100,4.32
159,Lima,PE,2021-07-25 16:46:39,-12.0432,-77.0282,63.14,72,90,8.05
160,Port Elizabeth,ZA,2021-07-25 16:47:06,-33.918,25.5701,58.1,58,0,2.3
161,Key Largo,US,2021-07-25 16:48:11,25.0865,-80.4473,87.8,67,33,7.85
162,Cocachacra,PE,2021-07-25 16:48:11,-17.0883,-71.7575,66.33,65,55,7.72
163,Longyearbyen,SJ,2021-07-25 16:43:24,78.2186,15.6401,44.44,87,75,9.22
164,Turbat,PK,2021-07-25 16:48:11,26.0023,63.044,86.34,69,57,7.2
165,Novoagansk,RU,2021-07-25 16:48:12,61.9449,76.6625,60.06,97,100,11.36
166,Agropoli,IT,2021-07-25 16:43:38,40.3469,14.9966,91.53,51,37,2.42
167,Upernavik,GL,2021-07-25 16:45:42,72.7868,-56.1549,41.36,82,50,10.25
168,Kortkeros,RU,2021-07-25 16:48:12,61.8106,51.5806,59.0,60,94,6.15
169,Boda,CF,2021-07-25 16:48:12,4.3189,17.4695,73.58,85,91,2.24
170,Pokhara,NP,2021-07-25 16:48:13,28.2333,83.9833,75.11,91,100,0.92
171,Fortuna,US,2021-07-25 16:47:42,40.5982,-124.1573,54.52,100,90,0.0
172,Santarem,BR,2021-07-25 16:48:13,-2.4431,-54.7083,87.93,66,20,9.22
173,Gat,IL,2021-07-25 16:48:13,31.61,34.7642,85.41,71,0,12.37
174,Annau,TM,2021-07-25 16:48:14,37.8876,58.516,98.1,26,0,9.22
175,Nanding,CN,2021-07-25 16:48:14,36.7483,118.0558,81.03,60,96,4.36
176,High Rock,BS,2021-07-25 16:48:14,26.6208,-78.2833,86.02,72,94,11.88
177,Saldanha,ZA,2021-07-25 16:48:15,-33.0117,17.9442,66.25,56,100,10.98
178,Port Blair,IN,2021-07-25 16:48:15,11.6667,92.75,82.33,85,100,17.05
179,Roma,US,2021-07-25 16:45:40,43.2128,-75.4557,82.83,65,40,1.01
180,Chala,TZ,2021-07-25 16:48:16,-7.5833,31.2667,61.29,65,86,3.44
181,Provideniya,RU,2021-07-25 16:45:26,64.3833,-173.3,46.76,99,100,7.23
182,Naze,JP,2021-07-25 16:48:16,28.3667,129.4833,77.86,88,100,18.39
183,Shubarshi,KZ,2021-07-25 16:48:16,48.5872,57.1869,78.64,30,2,12.24
184,Kingman,US,2021-07-25 16:48:17,35.1894,-114.053,82.29,52,84,1.99
185,Torbay,CA,2021-07-25 16:48:17,47.6666,-52.7314,62.28,91,90,5.75
186,Sangar,RU,2021-07-25 16:48:17,63.9242,127.4739,57.69,69,8,4.72
187,Melfort,CA,2021-07-25 16:48:18,52.8667,-104.6177,71.73,43,69,8.05
188,Ilam,NP,2021-07-25 16:48:18,26.9167,87.9167,71.6,94,100,2.64
189,Contamana,PE,2021-07-25 16:48:18,-7.3333,-75.0167,93.2,36,96,0.87
190,Camacha,PT,2021-07-25 16:48:18,33.0833,-16.3333,74.16,83,40,11.5
191,San Pedro,PH,2021-07-25 16:48:19,14.35,121.0167,81.63,85,75,9.22
192,Novyy Urengoy,RU,2021-07-25 16:48:19,66.0833,76.6333,59.09,82,100,7.25
193,Cockburn Town,TC,2021-07-25 16:48:19,21.4612,-71.1419,82.53,80,6,11.95
194,Nha Trang,VN,2021-07-25 16:44:28,12.25,109.1833,84.2,73,25,6.44
195,Klaksvik,FO,2021-07-25 16:48:20,62.2266,-6.589,54.52,96,100,12.46
196,Iwanai,JP,2021-07-25 16:48:20,42.9744,140.5089,69.01,97,19,5.66
197,Champerico,GT,2021-07-25 16:48:20,14.3,-91.9167,92.77,72,84,5.57
198,Sola,VU,2021-07-25 16:48:21,-13.8833,167.55,79.5,81,48,11.1
199,San Quintin,MX,2021-07-25 16:48:21,30.4833,-115.95,68.47,83,100,6.13
200,Lakes Entrance,AU,2021-07-25 16:48:21,-37.8811,147.981,51.19,63,51,14.81
201,Praia Da Vitoria,PT,2021-07-25 16:48:21,38.7333,-27.0667,71.85,83,75,12.48
202,Isangel,VU,2021-07-25 16:48:22,-19.55,169.2667,75.16,87,75,10.07
203,Westport,US,2021-07-25 16:45:52,41.1415,-73.3579,78.12,86,90,7.0
204,Simao,CN,2021-07-25 16:48:22,22.7886,100.9748,64.29,99,100,1.21
205,Pitea,SE,2021-07-25 16:48:22,65.3172,21.4794,83.08,52,45,3.11
206,Ponta Do Sol,PT,2021-07-25 16:48:22,32.6667,-17.1,81.72,71,4,4.74
207,Cap Malheureux,MU,2021-07-25 16:48:23,-19.9842,57.6142,72.09,60,0,8.99
208,Saint-Leu,RE,2021-07-25 16:48:23,-21.15,55.2833,68.86,72,35,7.61
209,Paso De Los Toros,UY,2021-07-25 16:48:23,-32.8167,-56.5167,72.01,69,3,13.73
210,Salalah,OM,2021-07-25 16:45:33,17.0151,54.0924,78.89,94,75,8.05
211,Lorengau,PG,2021-07-25 16:48:20,-2.0226,147.2712,78.66,84,18,9.73
212,Cabo San Lucas,MX,2021-07-25 16:45:34,22.8909,-109.9124,94.17,65,3,6.49
213,Maiduguri,NG,2021-07-25 16:48:24,11.8464,13.1603,86.65,52,100,10.58
214,Lebu,CL,2021-07-25 16:48:24,-37.6167,-73.65,50.76,91,96,6.4
215,Sechura,PE,2021-07-25 16:48:24,-5.5569,-80.8222,75.72,61,14,7.09
216,Thinadhoo,MV,2021-07-25 16:44:10,0.5333,72.9333,82.49,68,57,2.46
217,Rabo De Peixe,PT,2021-07-25 16:48:25,37.8,-25.5833,74.71,73,40,13.8
218,Ust-Kuyga,RU,2021-07-25 16:48:25,70.0167,135.6,50.41,75,37,4.34
219,Beaverlodge,CA,2021-07-25 16:48:25,55.2166,-119.4361,63.75,36,98,7.81
220,Anadyr,RU,2021-07-25 16:48:11,64.75,177.4833,52.3,93,90,4.0
221,Mar Del Plata,AR,2021-07-25 16:46:50,-38.0023,-57.5575,59.09,64,75,8.01
222,Souillac,MU,2021-07-25 16:48:14,-20.5167,57.5167,71.98,56,40,11.5
223,Aden,YE,2021-07-25 16:46:33,12.7794,45.0367,82.51,74,66,11.63
224,Iquique,CL,2021-07-25 16:48:26,-20.2208,-70.1431,60.84,71,99,7.7
225,Cidreira,BR,2021-07-25 16:48:26,-30.1811,-50.2056,74.25,52,7,5.03
226,Bathsheba,BB,2021-07-25 16:48:26,13.2167,-59.5167,86.61,79,75,18.41
227,North Bend,US,2021-07-25 16:48:27,43.4065,-124.2243,66.85,88,90,3.44
228,Panaba,MX,2021-07-25 16:48:27,21.2833,-88.2667,94.53,41,85,10.6
229,Snasa,NO,2021-07-25 16:48:27,64.2457,12.3778,67.41,49,42,4.18
230,Guerrero Negro,MX,2021-07-25 16:44:08,27.9769,-114.0611,74.25,65,60,10.07
231,Sao Felix Do Xingu,BR,2021-07-25 16:48:28,-6.6447,-51.995,96.6,22,89,3.96
232,Nabire,ID,2021-07-25 16:48:28,-3.3667,135.4833,75.79,87,99,2.82
233,Broome,US,2021-07-25 16:48:28,42.2506,-75.833,83.7,77,40,1.99
234,Dikson,RU,2021-07-25 16:48:29,73.5069,80.5464,38.89,88,45,13.73
235,Chingola,ZM,2021-07-25 16:48:29,-12.529,27.8838,57.16,41,0,5.95
236,Xiuyan,CN,2021-07-25 16:48:29,40.2928,123.2744,70.84,90,46,1.3
237,Muyezerskiy,RU,2021-07-25 16:48:29,63.9333,31.65,64.18,58,91,3.13
238,Mitu,CO,2021-07-25 16:48:30,1.1983,-70.1733,71.47,98,100,1.48
239,Fort Nelson,CA,2021-07-25 16:45:16,58.8053,-122.7002,62.19,63,40,4.61
240,Olafsvik,IS,2021-07-25 16:48:30,64.8945,-23.7142,50.02,86,63,27.56
241,Port Lincoln,AU,2021-07-25 16:48:30,-34.7333,135.8667,55.15,86,29,16.91
242,Sorland,NO,2021-07-25 16:48:31,67.667,12.6934,53.67,86,100,4.34
243,Ballina,AU,2021-07-25 16:48:31,-28.8667,153.5667,48.78,71,1,3.44
244,Qiyang,CN,2021-07-25 16:48:31,26.5911,111.8474,79.48,77,60,2.55
245,Bukama,CD,2021-07-25 16:48:31,-9.2,25.85,74.91,33,2,5.01
246,Raudeberg,NO,2021-07-25 16:48:32,61.9875,5.1352,76.6,87,21,9.33
247,Kirksville,US,2021-07-25 16:47:43,40.1948,-92.5833,85.05,71,1,1.01
248,Nongan,CN,2021-07-25 16:48:32,44.382,125.1685,77.41,75,99,8.52
249,Hambantota,LK,2021-07-25 16:48:32,6.1241,81.1185,80.15,79,79,17.22
250,Kamina,CD,2021-07-25 16:48:33,-8.7386,24.9906,68.18,35,4,6.29
251,Dudinka,RU,2021-07-25 16:48:33,69.4058,86.1778,54.37,87,88,3.51
252,Kaeo,NZ,2021-07-25 16:46:01,-35.1,173.7833,59.32,96,98,5.73
253,Banda Aceh,ID,2021-07-25 16:48:33,5.5577,95.3222,80.55,82,91,5.75
254,Pontes E Lacerda,BR,2021-07-25 16:44:20,-15.2261,-59.3353,96.49,19,1,8.81
255,Puerto Colombia,CO,2021-07-25 16:48:34,10.9878,-74.9547,84.29,84,100,5.53
256,Ilinskiy,RU,2021-07-25 16:48:34,55.619,38.1182,73.98,38,0,2.24
257,Villarrica,PY,2021-07-25 16:48:34,-25.75,-56.4333,91.15,25,56,11.41
258,Tubarao,BR,2021-07-25 16:48:14,-28.4667,-49.0069,86.2,28,71,4.65
259,Paysandu,UY,2021-07-25 16:48:35,-32.3214,-58.0756,66.6,69,16,10.09
260,Te Anau,NZ,2021-07-25 16:48:35,-45.4167,167.7167,46.27,94,100,3.47
261,Voskevan,AM,2021-07-25 16:48:35,41.1202,45.0653,71.46,76,76,3.42
262,Jasper,US,2021-07-25 16:46:28,37.2001,-94.3502,92.01,71,75,1.99
263,Yantongshan,CN,2021-07-25 16:48:36,43.2919,126.0094,72.25,77,100,4.14
264,Betare Oya,CM,2021-07-25 16:48:36,5.6,14.0833,71.29,91,93,3.96
265,Necochea,AR,2021-07-25 16:48:36,-38.5473,-58.7368,53.04,83,100,18.12
266,Saint-Pierre,RE,2021-07-25 16:43:41,-21.3393,55.4781,69.48,68,20,11.5
267,Canto Do Buriti,BR,2021-07-25 16:48:37,-8.11,-42.9444,88.27,34,32,12.75
268,Tiksi,RU,2021-07-25 16:46:39,71.6872,128.8694,47.53,78,79,6.98
269,Pafos,CY,2021-07-25 16:48:37,34.7667,32.4167,84.24,78,0,13.8
270,Sao Joao Da Barra,BR,2021-07-25 16:48:37,-21.6403,-41.0511,78.89,59,0,15.05
271,Sudova Vyshnya,UA,2021-07-25 16:48:37,49.7889,23.3722,78.15,74,77,7.2
272,San Cristobal,VE,2021-07-25 16:45:56,7.7669,-72.225,71.78,56,100,5.32
273,Hofn,IS,2021-07-25 16:48:20,64.2539,-15.2082,53.62,82,40,13.8
274,Bam,IR,2021-07-25 16:48:38,29.106,58.357,94.95,6,0,11.99
275,General Pico,AR,2021-07-25 16:48:38,-35.6566,-63.7568,58.69,36,26,8.1
276,Songjianghe,CN,2021-07-25 16:48:38,42.1859,127.479,68.52,80,99,3.58
277,Afua,BR,2021-07-25 16:48:39,-0.1567,-50.3867,88.39,53,72,3.78
278,Pimentel,PE,2021-07-25 16:48:39,-6.8367,-79.9342,70.09,81,90,4.0
279,Victoria Point,AU,2021-07-25 16:48:39,-27.5833,153.3,53.19,72,41,1.01
280,Waipawa,NZ,2021-07-25 16:44:24,-41.4122,175.5153,54.45,79,100,11.7
281,Mercedes,AR,2021-07-25 16:48:40,-34.6515,-59.4307,57.63,73,89,9.82
282,Rawson,AR,2021-07-25 16:48:40,-43.3002,-65.1023,52.29,32,18,20.65
283,Omboue,GA,2021-07-25 16:47:04,-1.5746,9.2618,75.06,74,80,9.66
284,Sorong,ID,2021-07-25 16:48:40,-0.8833,131.25,77.09,83,100,7.29
285,Banyo,CM,2021-07-25 16:48:41,6.75,11.8167,69.31,92,98,2.42
286,Rundu,NA,2021-07-25 16:48:41,-17.9333,19.7667,63.54,35,0,7.16
287,Dunedin,NZ,2021-07-25 16:48:24,-45.8742,170.5036,49.8,66,100,11.99
288,Porto San Giorgio,IT,2021-07-25 16:48:41,43.1827,13.7934,90.86,72,98,8.14
289,Manadhoo,MV,2021-07-25 16:48:42,5.7667,73.3833,81.57,78,100,21.32
290,Pallasovka,RU,2021-07-25 16:48:42,50.05,46.8833,73.18,39,44,10.89
291,Lulea,SE,2021-07-25 16:48:42,65.5842,22.1547,66.27,72,0,6.91
292,Chuy,UY,2021-07-25 16:48:42,-33.6971,-53.4616,66.04,81,73,11.3
293,Talnakh,RU,2021-07-25 16:48:43,69.4865,88.3972,55.81,93,100,5.91
294,Nelson Bay,AU,2021-07-25 16:48:43,-32.7167,152.15,54.09,59,12,4.0
295,Oranjestad,AW,2021-07-25 16:48:43,12.524,-70.027,89.55,62,20,17.27
296,Sonoita,MX,2021-07-25 16:48:44,31.85,-112.8333,77.45,70,100,4.27
297,Abu Dhabi,AE,2021-07-25 16:48:03,24.4667,54.3667,100.51,63,19,6.91
298,Laibin,CN,2021-07-25 16:48:44,23.7,109.2667,82.65,73,5,2.84
299,Katete,UG,2021-07-25 16:48:44,-0.7818,29.7544,72.95,44,78,2.24
300,Pilar,BR,2021-07-25 16:48:44,-9.5972,-35.9567,73.33,73,49,11.63
301,Talakan,RU,2021-07-25 16:48:45,50.3167,130.3667,67.42,96,100,4.18
302,Halifax,CA,2021-07-25 16:48:09,44.6453,-63.5724,79.41,59,0,5.01
303,Azuaga,ES,2021-07-25 16:48:45,38.2667,-5.6833,84.96,38,28,15.61
304,Sovetsk,RU,2021-07-25 16:48:45,55.0839,21.8785,76.89,55,62,8.79
305,Lucerna,CH,2021-07-25 16:48:46,47.0505,8.3064,75.15,84,75,1.99
306,Guapi,CO,2021-07-25 16:48:46,2.5708,-77.8854,80.89,80,94,6.11
307,Manaure,CO,2021-07-25 16:48:46,11.7751,-72.4445,81.21,76,100,7.74
308,Yazd,IR,2021-07-25 16:48:46,31.8972,54.3675,96.91,9,0,13.8
309,Petropavlovsk-Kamchatskiy,RU,2021-07-25 16:44:12,53.0452,158.6483,48.79,100,90,4.47
310,Berdigestyakh,RU,2021-07-25 16:48:47,62.0989,126.6992,56.12,73,23,5.19
311,Komsomolskiy,UZ,2021-07-25 16:48:47,40.4272,71.7189,90.32,27,0,6.91
312,Esmeraldas,BR,2021-07-25 16:48:47,-19.7625,-44.3139,75.31,23,0,7.23
313,Surin,TH,2021-07-25 16:48:48,14.8818,103.4936,73.36,93,100,11.23
314,Cayenne,GF,2021-07-25 16:45:17,4.9333,-52.3333,84.09,81,90,1.99
315,Kudahuvadhoo,MV,2021-07-25 16:44:23,2.6708,72.8944,81.43,77,95,10.69
316,Upington,ZA,2021-07-25 16:48:48,-28.4478,21.2561,64.78,20,0,6.91
317,Coihaique,CL,2021-07-25 16:48:48,-45.5752,-72.0662,44.55,53,40,5.75
318,Haukipudas,FI,2021-07-25 16:48:49,65.1765,25.3523,68.05,80,51,6.42
319,Fukue,JP,2021-07-25 16:48:49,32.6881,128.8419,79.63,82,100,20.78
320,Tsaratanana,MG,2021-07-25 16:48:49,-16.7833,47.65,65.62,74,63,11.5
321,Mana,GF,2021-07-25 16:48:50,5.6592,-53.7767,75.69,90,100,2.66
322,Konya,TR,2021-07-25 16:44:50,38.1667,32.5,78.28,26,36,7.05
323,Uni,RU,2021-07-25 16:48:50,57.7535,51.4923,52.79,67,68,5.77
324,Hohhot,CN,2021-07-25 16:48:50,40.8106,111.6522,70.09,100,20,2.24
325,Mae Ramat,TH,2021-07-25 16:48:50,16.984,98.5166,74.1,99,100,5.41
326,Chicama,PE,2021-07-25 16:48:51,-7.8447,-79.1469,66.74,66,79,7.83
327,Margate,GB,2021-07-25 16:43:54,51.3813,1.3862,69.51,77,82,3.0
328,Shingu,JP,2021-07-25 16:48:51,33.7333,135.9833,75.9,81,0,4.68
329,Miramar,US,2021-07-25 16:47:25,25.9873,-80.2323,94.03,68,20,5.75
330,Ust-Nera,RU,2021-07-25 16:48:51,64.5667,143.2,50.52,98,100,8.39
331,Balkanabat,TM,2021-07-25 16:48:52,39.5108,54.3671,86.13,65,0,9.24
332,Szczytno,PL,2021-07-25 16:48:52,53.5626,20.9875,71.53,68,0,8.05
333,Norman Wells,CA,2021-07-25 16:48:52,65.282,-126.8329,57.24,54,20,6.91
334,Beringovskiy,RU,2021-07-25 16:48:53,63.05,179.3167,51.69,90,98,2.48
335,Hoquiam,US,2021-07-25 16:48:53,46.9809,-123.8893,69.46,41,1,4.61
336,Langres,FR,2021-07-25 16:48:53,47.8333,5.3333,71.67,83,60,6.91
337,Mulchen,CL,2021-07-25 16:48:53,-37.7167,-72.2333,49.86,90,100,6.73
338,Itarema,BR,2021-07-25 16:44:15,-2.9248,-39.9167,88.41,46,47,17.43
339,Tashtyp,RU,2021-07-25 16:48:54,52.7939,89.8983,61.65,94,92,3.87
340,El Retorno,CO,2021-07-25 16:48:54,2.3302,-72.6276,73.49,89,98,3.22
341,Puerto Madryn,AR,2021-07-25 16:48:54,-42.7692,-65.0385,53.33,32,18,23.02
342,Ormond Beach,US,2021-07-25 16:45:03,29.2858,-81.0559,91.13,67,75,13.8
343,Rancho Palos Verdes,US,2021-07-25 16:48:55,33.7445,-118.387,80.53,84,98,4.0
344,Colomi,BO,2021-07-25 16:48:55,-17.35,-65.8667,66.22,43,0,4.43
345,Swellendam,ZA,2021-07-25 16:48:55,-34.0226,20.4417,52.18,35,100,7.23
346,West Bay,KY,2021-07-25 16:48:56,19.3667,-81.4167,86.07,70,40,2.3
347,Molepolole,BW,2021-07-25 16:48:56,-24.4066,25.4951,55.54,41,0,6.73
348,Rena,NO,2021-07-25 16:48:56,61.1348,11.3641,79.83,33,9,3.96
349,Catamarca,AR,2021-07-25 16:48:57,-28.4696,-65.7852,83.5,48,0,1.01
350,Naron,ES,2021-07-25 16:48:57,43.5167,-8.1528,70.65,79,62,6.42
351,Atbasar,KZ,2021-07-25 16:48:57,51.8,68.3333,66.96,55,8,9.44
352,Westerland,DE,2021-07-25 16:47:08,54.9079,8.3033,77.02,57,0,8.05
353,Likasi,CD,2021-07-25 16:48:58,-10.9814,26.7333,62.17,40,1,6.33
354,Kholm,RU,2021-07-25 16:48:58,59.2667,32.85,65.75,57,85,2.84
355,Marzuq,YE,2021-07-25 16:48:58,14.4,46.4667,74.21,75,26,9.6
356,Alta Floresta,BR,2021-07-25 16:48:58,-9.8756,-56.0861,97.38,23,74,3.27
357,Aksu,CN,2021-07-25 16:48:59,41.1231,80.2644,89.17,24,0,3.31
358,Opuwo,NA,2021-07-25 16:46:45,-18.0607,13.84,69.48,22,0,7.47
359,Kununurra,AU,2021-07-25 16:48:45,-15.7667,128.7333,60.78,82,26,0.0
360,Gusinoye Ozero,RU,2021-07-25 16:48:59,51.1144,106.2614,62.33,69,43,5.48
361,Letterkenny,IE,2021-07-25 16:46:51,54.95,-7.7333,75.09,53,1,8.9
362,Manado,ID,2021-07-25 16:48:59,1.487,124.8455,81.37,65,40,9.22
363,Xuddur,SO,2021-07-25 16:49:00,4.1213,43.8894,75.4,56,95,19.06
364,Matara,LK,2021-07-25 16:49:00,5.9485,80.5353,77.99,88,68,10.16
365,Namibe,AO,2021-07-25 16:49:00,-15.1961,12.1522,69.93,61,0,5.44
366,Tigre,AR,2021-07-25 16:44:06,-34.426,-58.5796,60.22,94,90,11.5
367,Nefteyugansk,RU,2021-07-25 16:49:01,61.0998,72.6035,59.25,89,100,11.07
368,Inhambane,MZ,2021-07-25 16:49:01,-23.865,35.3833,66.18,68,75,7.0
369,Nyurba,RU,2021-07-25 16:49:01,63.2842,118.3319,62.82,64,8,5.73
370,Husavik,IS,2021-07-25 16:49:01,66.0449,-17.3389,57.11,65,100,4.23
371,Ancud,CL,2021-07-25 16:47:44,-41.8697,-73.8203,47.73,63,18,9.4
372,Pitimbu,BR,2021-07-25 16:49:02,-7.4706,-34.8086,75.79,67,7,14.27
373,Marawi,PH,2021-07-25 16:49:02,7.9986,124.2928,72.64,84,55,4.14
374,Seydi,TM,2021-07-25 16:49:02,39.4816,62.9137,98.71,12,0,14.83
375,Vanimo,PG,2021-07-25 16:48:45,-2.6741,141.3028,75.09,81,100,3.11
376,Camana,PE,2021-07-25 16:49:03,-16.6228,-72.7111,63.95,75,54,8.28
377,Kita,ML,2021-07-25 16:49:03,13.0349,-9.4895,85.71,59,100,5.59
378,Auki,SB,2021-07-25 16:45:35,-8.7676,160.7034,77.22,87,93,4.12
379,Bakchar,RU,2021-07-25 16:49:04,57.0186,82.0711,67.66,89,36,3.56
380,Launceston,AU,2021-07-25 16:49:04,-41.45,147.1667,44.8,90,71,4.0
381,Chickasha,US,2021-07-25 16:44:16,35.0526,-97.9364,94.35,51,1,5.75
382,Basingstoke,GB,2021-07-25 16:49:04,51.2625,-1.0871,70.16,84,75,4.0
383,Mkushi,ZM,2021-07-25 16:49:05,-13.6202,29.3939,55.31,50,1,8.59
384,George Town,MY,2021-07-25 16:44:12,5.4112,100.3354,85.95,77,20,2.3
385,Umm Kaddadah,SD,2021-07-25 16:49:05,13.6017,26.6876,92.14,36,63,11.9
386,Kavaratti,IN,2021-07-25 16:49:05,10.5669,72.642,80.91,78,100,23.6
387,Richards Bay,ZA,2021-07-25 16:49:06,-28.783,32.0377,60.21,73,3,9.26
388,Mahibadhoo,MV,2021-07-25 16:47:38,3.7833,72.9667,82.09,78,100,19.28
389,Hasaki,JP,2021-07-25 16:45:21,35.7333,140.8333,75.6,79,0,13.24
390,Kahului,US,2021-07-25 16:49:06,20.8947,-156.47,77.85,91,40,12.66
391,Esperance,AU,2021-07-25 16:49:06,-33.8667,121.9,53.44,81,0,18.37
392,Lavrentiya,RU,2021-07-25 16:48:04,65.5833,-171.0,44.11,99,100,5.75
393,Tommot,RU,2021-07-25 16:49:07,58.9564,126.2925,60.13,81,50,2.59
394,Angoche,MZ,2021-07-25 16:49:07,-16.2325,39.9086,70.59,66,45,14.36
395,San Policarpo,PH,2021-07-25 16:49:07,12.1791,125.5072,82.27,77,64,10.56
396,Colares,PT,2021-07-25 16:49:08,38.7992,-9.4469,75.29,71,75,14.97
397,Cherskiy,RU,2021-07-25 16:49:08,68.75,161.3,40.08,78,16,7.72
398,Pacific Grove,US,2021-07-25 16:45:29,36.6177,-121.9166,67.57,91,90,1.01
399,Kutum,SD,2021-07-25 16:49:08,14.2,24.6667,71.67,79,95,15.86
400,Saint Louis Park,US,2021-07-25 16:49:09,44.9483,-93.348,89.35,34,1,4.0
401,Wanaka,NZ,2021-07-25 16:49:09,-44.7,169.15,44.11,99,100,1.01
402,Inta,RU,2021-07-25 16:49:09,66.0317,60.1659,48.79,86,100,16.69
403,Kaniama,CD,2021-07-25 16:49:10,-7.5667,24.1833,75.2,30,44,4.25
404,Qostanay,KZ,2021-07-25 16:44:32,53.1667,63.5833,60.24,83,13,8.93
405,Hirara,JP,2021-07-25 16:49:10,24.8,125.2833,83.55,90,100,14.27
406,Kirakira,SB,2021-07-25 16:49:10,-10.4544,161.9205,78.3,84,72,7.09
407,Macheng,CN,2021-07-25 16:49:11,31.1783,115.0319,76.01,85,56,5.1
408,Alvorada,BR,2021-07-25 16:49:11,-12.48,-49.1247,91.8,23,1,6.55
409,Dauriya,RU,2021-07-25 16:49:11,49.9333,116.8667,55.31,90,12,4.9
410,Hamadan,IR,2021-07-25 16:49:11,34.7992,48.5146,86.41,15,81,10.69
411,Saint Anthony,US,2021-07-25 16:48:13,45.0205,-93.218,89.24,32,1,3.0
412,Priladozhskiy,RU,2021-07-25 16:49:12,59.85,31.4833,71.26,1,96,4.54
413,Sumenep,ID,2021-07-25 16:49:12,-7.0167,113.8667,77.56,75,11,10.13
414,Vao,NC,2021-07-25 16:49:13,-22.6667,167.4833,70.84,78,63,13.56
415,Byron Bay,AU,2021-07-25 16:45:03,-28.65,153.6167,49.87,64,1,7.27
416,Grand-Santi,GF,2021-07-25 16:49:13,4.25,-54.3833,84.02,67,55,5.19
417,Hualmay,PE,2021-07-25 16:49:13,-11.0964,-77.6139,67.23,73,25,8.3
418,Walla Walla,US,2021-07-25 16:49:14,46.0646,-118.343,87.89,38,1,1.99
419,Bonavista,CA,2021-07-25 16:49:14,48.6499,-53.1147,62.6,82,49,4.74
420,Moron,AR,2021-07-25 16:44:44,-34.6534,-58.6198,58.96,98,100,3.0
421,Ketchikan,US,2021-07-25 16:49:14,55.3422,-131.6461,55.87,94,90,0.0
422,Porto De Moz,BR,2021-07-25 16:49:15,-1.7483,-52.2383,91.81,38,49,4.23
423,Broken Hill,AU,2021-07-25 16:49:15,-31.95,141.4333,49.71,71,54,11.5
424,Egvekinot,RU,2021-07-25 16:46:02,66.3167,-179.1667,44.49,91,100,1.63
425,Bilma,NE,2021-07-25 16:49:15,18.6853,12.9164,101.03,25,58,4.03
426,Pak Phanang,TH,2021-07-25 16:49:16,8.3511,100.202,82.08,76,100,6.6
427,Garowe,SO,2021-07-25 16:49:16,8.4054,48.4845,79.88,42,72,22.77
428,Bulaevo,KZ,2021-07-25 16:48:06,54.9056,70.4439,60.31,72,42,14.32
429,Coquimbo,CL,2021-07-25 16:48:53,-29.9533,-71.3436,60.53,63,0,6.91
430,Lethem,GY,2021-07-25 16:49:16,3.3803,-59.7968,88.5,56,82,4.05
431,Acapulco,MX,2021-07-25 16:46:25,16.8634,-99.8901,87.62,70,40,0.0
432,Meulaboh,ID,2021-07-25 16:49:17,4.1363,96.1285,78.66,85,98,2.1
433,Hyeres,FR,2021-07-25 16:49:17,43.1167,6.1167,92.05,41,0,11.5
434,Lewiston,US,2021-07-25 16:47:33,44.1003,-70.2148,65.91,97,90,11.5
435,Kulu,TR,2021-07-25 16:49:17,39.0951,33.0799,78.33,25,1,9.04
436,Luderitz,NA,2021-07-25 16:49:18,-26.6481,15.1594,67.23,26,70,5.01
437,Gvarv,NO,2021-07-25 16:49:18,59.3875,9.1737,82.81,44,98,6.49
438,Lagoa,PT,2021-07-25 16:49:18,39.05,-27.9833,69.37,82,100,12.77
439,Colwyn Bay,GB,2021-07-25 16:49:19,53.2948,-3.7267,76.75,76,32,5.99
440,Carutapera,BR,2021-07-25 16:49:19,-1.195,-46.02,88.36,50,73,6.93
441,Ferkessedougou,CI,2021-07-25 16:49:19,9.6,-5.2,83.98,58,90,4.45
442,Vila,PT,2021-07-25 16:47:52,42.0304,-8.1588,68.22,76,46,9.75
443,Yar-Sale,RU,2021-07-25 16:48:24,66.8333,70.8333,50.54,70,51,20.54
444,Jinxi,CN,2021-07-25 16:49:20,30.4323,116.2922,78.58,75,99,4.03
445,Oxelosund,SE,2021-07-25 16:49:20,58.6706,17.1015,73.33,56,0,10.36
446,Hami,CN,2021-07-25 16:49:20,42.8,93.45,89.42,18,1,10.89
447,Conceicao Do Araguaia,BR,2021-07-25 16:49:20,-8.2578,-49.2647,91.53,35,0,12.66
448,Chambery,FR,2021-07-25 16:49:21,45.5667,5.9333,82.27,57,0,5.75
449,Bundaberg,AU,2021-07-25 16:49:21,-24.85,152.35,55.22,53,74,3.0
450,Lazaro Cardenas,MX,2021-07-25 16:49:21,17.9583,-102.2,85.62,72,33,1.99
451,Vigia,BR,2021-07-25 16:49:21,-0.8583,-48.1417,89.65,51,23,3.06
452,Przeworsk,PL,2021-07-25 16:49:22,50.0591,22.4941,73.35,68,100,4.76
453,Lensk,RU,2021-07-25 16:49:22,60.7253,114.9278,61.32,67,0,1.68
454,Usoke,TZ,2021-07-25 16:49:22,-5.1667,32.35,75.49,33,1,4.99
455,Griffith,US,2021-07-25 16:46:28,41.5284,-87.4237,89.4,56,75,0.0
456,Rocha,UY,2021-07-25 16:47:26,-34.4833,-54.3333,72.12,72,79,13.85
457,Kumba,CM,2021-07-25 16:49:23,4.6363,9.4469,76.24,76,88,6.46
458,Vostok,RU,2021-07-25 16:49:23,46.4856,135.8833,65.86,90,86,4.74
459,Beloha,MG,2021-07-25 16:49:23,-25.1667,45.05,61.48,62,10,10.78
460,Srednekolymsk,RU,2021-07-25 16:44:32,67.45,153.6833,38.86,78,100,14.05
461,Dicabisagan,PH,2021-07-25 16:49:24,17.0818,122.4157,81.46,72,99,3.87
462,Atar,MR,2021-07-25 16:49:01,20.5169,-13.0499,112.57,11,26,7.9
463,Oranjemund,NA,2021-07-25 16:47:13,-28.55,16.4333,66.18,30,100,5.35
464,Saint-Honore,CA,2021-07-25 16:49:24,48.5334,-71.0824,64.65,97,100,4.61
465,Tabuk,PH,2021-07-25 16:49:24,17.4189,121.4443,77.38,77,100,2.3
466,Harer,ET,2021-07-25 16:49:25,9.3094,42.1258,58.55,72,98,2.89
467,Beian,NO,2021-07-25 16:49:25,63.6559,9.5683,57.29,94,75,6.91
468,Yulara,AU,2021-07-25 16:49:25,-25.2406,130.9889,51.64,46,81,5.75
469,Arlit,NE,2021-07-25 16:49:25,18.7369,7.3853,106.95,10,2,8.25
470,Vardo,NO,2021-07-25 16:49:26,70.3705,31.1107,50.2,93,75,19.57
471,Ternate,ID,2021-07-25 16:45:13,0.8,127.4,81.01,79,100,8.55
472,Korsakov,RU,2021-07-25 16:49:26,46.6328,142.7813,67.84,95,54,5.93
473,Bandarbeyla,SO,2021-07-25 16:49:12,9.4942,50.8122,81.27,60,85,28.21
474,Sergiyevsk,RU,2021-07-25 16:49:26,53.9413,51.165,59.0,49,4,6.08
475,Russell,US,2021-07-25 16:49:27,32.3502,-85.1999,90.37,66,1,0.0
476,Sivaki,RU,2021-07-25 16:49:27,52.6333,126.75,60.1,88,0,2.57
477,Thunder Bay,CA,2021-07-25 16:49:27,48.4001,-89.3168,82.31,39,20,10.36
478,Caravelas,BR,2021-07-25 16:45:29,-17.7125,-39.2481,73.69,71,55,7.36
479,Saint-Augustin,CA,2021-07-25 16:49:28,51.226,-58.6502,77.74,43,71,10.78
480,Kapoeta,SS,2021-07-25 16:49:28,4.7717,33.5903,72.1,61,100,13.71
481,Seoul,KR,2021-07-25 16:49:28,37.5683,126.9778,81.79,78,0,3.44
482,Korla,CN,2021-07-25 16:49:29,41.7597,86.1469,90.18,15,0,12.91
483,Trairi,BR,2021-07-25 16:46:26,-3.2778,-39.2689,86.0,50,40,15.55
484,Murdochville,CA,2021-07-25 16:49:29,48.9583,-65.5006,74.28,41,22,13.06
485,Kocevje,SI,2021-07-25 16:49:29,45.6433,14.8633,82.53,61,87,4.54
486,Kamenka,RU,2021-07-25 16:49:29,51.3223,42.7678,67.89,49,97,5.95
487,Esil,KZ,2021-07-25 16:49:30,51.9556,66.4042,66.99,58,9,8.16
488,Popondetta,PG,2021-07-25 16:49:30,-8.7537,148.2534,73.18,91,85,2.93
489,Vila Velha,BR,2021-07-25 16:49:30,-20.3297,-40.2925,76.96,58,40,9.22
490,Vetluzhskiy,RU,2021-07-25 16:49:31,58.3902,45.4654,58.82,64,94,2.95
491,Honningsvag,NO,2021-07-25 16:49:31,70.9821,25.9704,47.95,71,75,13.8
492,Chantada,ES,2021-07-25 16:49:31,42.6088,-7.7712,76.55,41,74,12.77
493,Dong Hoi,VN,2021-07-25 16:49:31,17.4833,106.6,78.62,85,100,15.79
494,Semporna,MY,2021-07-25 16:49:32,4.4818,118.6112,79.0,84,90,1.86
495,Kandalaksha,RU,2021-07-25 16:49:32,67.162,32.4123,57.45,71,88,5.88
496,Roebourne,AU,2021-07-25 16:49:32,-20.7833,117.1333,70.41,42,11,4.61
497,Ahipara,NZ,2021-07-25 16:49:33,-35.1667,173.1667,57.24,93,82,8.88
498,Kushmurun,KZ,2021-07-25 16:49:33,52.4503,64.6311,66.0,70,55,11.61
499,Airai,TL,2021-07-25 16:48:11,-8.9266,125.4092,55.47,55,44,3.15
500,Los Llanos De Aridane,ES,2021-07-25 16:45:35,28.6585,-17.9182,76.12,76,20,17.27
501,Dabakala,CI,2021-07-25 16:49:33,8.3667,-4.4333,83.71,58,99,3.22
502,Gornopravdinsk,RU,2021-07-25 16:49:34,60.05,69.9,52.65,79,87,5.12
503,Krasnyy Chikoy,RU,2021-07-25 16:49:34,50.3643,108.7512,54.72,79,26,3.71
504,Constitucion,CL,2021-07-25 16:49:08,-35.3333,-72.4167,53.35,89,52,12.35
505,Causapscal,CA,2021-07-25 16:49:34,48.3542,-67.227,72.37,49,100,12.5
506,Cascais,PT,2021-07-25 16:49:34,38.6979,-9.4215,75.47,70,75,10.0
507,Toledo,ES,2021-07-25 16:45:45,39.8333,-4.0,89.89,23,3,14.45
508,Bowen,AU,2021-07-25 16:49:35,-20.0167,148.2333,48.42,70,5,6.55
509,Neiafu,TO,2021-07-25 16:49:35,-18.65,-173.9833,74.08,100,75,0.0
510,Palau,PW,2021-07-25 16:49:35,7.503,134.621,82.02,74,100,12.3
511,Pacifica,US,2021-07-25 16:49:36,37.6138,-122.4869,76.69,86,75,1.01
512,Denpasar,ID,2021-07-25 16:49:36,-8.65,115.2167,76.66,88,20,4.61
513,Tomatlan,MX,2021-07-25 16:49:36,19.9333,-105.25,88.79,62,40,3.27
514,Constantine,DZ,2021-07-25 16:49:36,36.365,6.6147,98.01,19,40,12.66
515,Ossora,RU,2021-07-25 16:49:16,59.2353,163.0719,54.25,97,84,3.76
516,Qui Nhon,VN,2021-07-25 16:49:37,13.7667,109.2333,81.5,69,52,19.95
517,Thaba Nchu,ZA,2021-07-25 16:49:37,-29.2093,26.839,46.18,48,0,3.31
518,Tazovskiy,RU,2021-07-25 16:49:37,67.4667,78.7,55.44,76,99,8.32
519,Caluquembe,AO,2021-07-25 16:49:38,-13.7833,14.6833,66.15,22,0,3.62
520,Beni,CD,2021-07-25 16:49:38,0.5,29.4667,68.63,72,98,2.26
521,Koson,UZ,2021-07-25 16:49:38,39.0375,65.585,97.12,11,0,17.63
522,Udarnyy,RU,2021-07-25 16:49:38,54.3409,42.8611,61.93,60,72,3.51
523,Serov,RU,2021-07-25 16:49:39,59.6033,60.5787,52.39,68,90,6.02
524,Enshi,CN,2021-07-25 16:46:15,30.3,109.4833,72.66,86,1,0.78
525,Tessalit,ML,2021-07-25 16:49:19,20.1986,1.0114,103.64,18,65,5.86
526,Carroll,US,2021-07-25 16:48:27,39.5501,-77.0164,88.77,69,1,5.01
527,Nyrob,RU,2021-07-25 16:49:39,60.733,56.7202,53.4,65,100,3.89
528,Abu Zabad,SD,2021-07-25 16:49:39,12.35,29.25,81.52,64,96,12.59
529,Praia,CV,2021-07-25 16:49:40,14.9215,-23.5087,82.94,54,20,16.11
530,Marabba,SD,2021-07-25 16:49:40,12.35,32.1833,78.62,75,100,12.8
531,Haines Junction,CA,2021-07-25 16:49:40,60.7522,-137.5108,51.75,71,97,2.3
532,Sari,IR,2021-07-25 16:49:41,36.5633,53.0601,83.79,79,75,4.61
533,Puerto Madero,MX,2021-07-25 16:49:41,14.7208,-92.4215,84.09,72,96,5.1
534,Noumea,NC,2021-07-25 16:49:41,-22.2763,166.4572,70.0,99,80,6.8
535,Terney,RU,2021-07-25 16:49:41,45.0503,136.6092,69.58,95,57,2.13
536,Mayo,US,2021-07-25 16:49:42,38.8876,-76.5119,90.27,72,100,4.0
537,Liepaja,LV,2021-07-25 16:49:42,56.5419,21.0367,78.85,50,59,5.75
538,Kyren,RU,2021-07-25 16:49:43,51.6828,102.1408,59.72,78,59,1.63
539,Verkhoyansk,RU,2021-07-25 16:49:43,67.5447,133.385,55.29,71,46,3.47
540,Katobu,ID,2021-07-25 16:49:43,-4.9408,122.5276,70.45,93,6,3.67
541,Kumluca,TR,2021-07-25 16:49:43,36.3703,30.2869,83.07,58,5,5.64
542,Basoko,CD,2021-07-25 16:49:44,1.2391,23.616,80.38,58,64,0.31
543,Ust-Maya,RU,2021-07-25 16:45:39,60.4167,134.5333,55.2,89,50,3.18
544,El Alto,PE,2021-07-25 16:49:44,-4.2714,-81.2147,71.26,70,39,13.04
545,Birjand,IR,2021-07-25 16:47:10,32.8663,59.2211,88.27,9,0,20.71
546,Chapais,CA,2021-07-25 16:49:13,49.7834,-74.8492,64.18,61,52,12.24
547,Faya,SA,2021-07-25 16:49:45,18.3851,42.4509,69.91,65,91,3.31
548,Gorlice,PL,2021-07-25 16:49:45,49.6556,21.1604,73.74,71,91,4.94
549,Guangyuan,CN,2021-07-25 16:49:45,32.442,105.823,74.3,91,43,2.01
550,Ulladulla,AU,2021-07-25 16:49:46,-35.35,150.4667,54.09,64,56,19.55
551,Kiunga,PG,2021-07-25 16:49:46,-6.1219,141.2906,71.69,100,100,2.73
552,Dongfeng,CN,2021-07-25 16:49:46,42.6403,125.5118,71.33,77,100,3.76
553,Mildura,AU,2021-07-25 16:49:46,-34.2,142.15,51.76,87,5,6.91
554,Portland,US,2021-07-25 16:47:28,45.5234,-122.6762,76.6,65,1,3.0
555,Deputatskiy,RU,2021-07-25 16:49:47,69.3,139.9,41.83,85,10,3.53
556,Yerbogachen,RU,2021-07-25 16:49:47,61.2767,108.0108,63.27,65,11,1.54
557,Harlingen,US,2021-07-25 16:49:47,26.1906,-97.6961,90.32,80,20,11.5
558,Manggar,ID,2021-07-25 16:49:48,-2.8833,108.2667,81.59,72,0,14.58
559,Sept-Iles,CA,2021-07-25 16:47:02,50.2001,-66.3821,68.52,81,75,11.99
560,Capim Grosso,BR,2021-07-25 16:49:48,-11.3811,-40.0128,77.86,43,95,11.83
561,Ambilobe,MG,2021-07-25 16:49:48,-13.2,49.05,68.31,75,86,3.09
562,Yaan,NG,2021-07-25 16:49:49,7.3833,8.5667,76.1,87,89,6.69
563,Turukhansk,RU,2021-07-25 16:49:49,65.8167,87.9833,64.51,85,27,1.74
564,Mangrol,IN,2021-07-25 16:47:59,21.1167,70.1167,79.32,86,100,16.46
565,Soe,ID,2021-07-25 16:49:49,-9.8607,124.284,59.63,72,47,4.81
566,Port Hardy,CA,2021-07-25 16:45:16,50.6996,-127.4199,55.58,100,90,3.44
567,Porto Novo,BJ,2021-07-25 16:49:50,6.4965,2.6036,82.22,68,55,10.94
568,Zilupe,LV,2021-07-25 16:49:50,56.3862,28.1217,72.52,52,7,2.21
569,Urumqi,CN,2021-07-25 16:49:50,43.801,87.6005,85.15,22,0,4.47
570,Gwembe,ZM,2021-07-25 16:49:51,-16.4975,27.6069,52.2,51,0,3.83
571,Banfora,BF,2021-07-25 16:49:51,10.6333,-4.7667,83.62,64,86,5.79
572,Nishihara,JP,2021-07-25 16:49:51,26.1842,127.7558,80.26,97,90,10.36
573,Borba,BR,2021-07-25 16:49:52,-4.3878,-59.5939,96.44,29,49,4.52
574,Aklavik,CA,2021-07-25 16:49:52,68.2191,-135.0107,54.32,82,75,19.57
575,Taruma,BR,2021-07-25 16:49:52,-22.7467,-50.5772,84.34,19,0,7.85
576,Le Port,RE,2021-07-25 16:49:52,-20.9373,55.2919,69.8,76,66,5.75
577,Luau,AO,2021-07-25 16:49:53,-10.7073,22.2247,71.11,27,1,5.46
